metric,method,baseline,condition,pairs,delta_mean,delta_std,win_rate
localization_mae_deg,Binaural-PF,DAS,input SNR +0 dB,8,2.48112625,1.6840767952284081,0.875
localization_mae_deg,Binaural-PF,DAS,input SNR +5 dB,8,2.8741137500000002,1.3040817977953199,1.0
localization_mae_deg,Binaural-PF,DAS,input SNR -5 dB,8,2.98373125,0.8898493526504918,1.0
localization_mae_deg,MVDR,DAS,input SNR +0 dB,8,4.3400775,1.2492029095015518,1.0
localization_mae_deg,MVDR,DAS,input SNR +5 dB,8,5.2201775,1.4828086513943735,1.0
localization_mae_deg,MVDR,DAS,input SNR -5 dB,8,5.14917625,1.5434728026382347,1.0
output_snr_db,Binaural-PF,DAS,input SNR +0 dB,8,2.0200600000000004,0.5410909380395972,1.0
output_snr_db,Binaural-PF,DAS,input SNR +5 dB,8,2.7473249999999996,1.10835743854202,1.0
output_snr_db,Binaural-PF,DAS,input SNR -5 dB,8,2.74418875,1.1808794793885917,1.0
output_snr_db,MVDR,DAS,input SNR +0 dB,8,3.6143312499999998,0.6003567742943119,1.0
output_snr_db,MVDR,DAS,input SNR +5 dB,8,4.2320625,0.8312675332930685,1.0
output_snr_db,MVDR,DAS,input SNR -5 dB,8,4.17634,0.9318353725233416,1.0
runtime_ms,Binaural-PF,DAS,input SNR +0 dB,8,-0.8873787500000001,0.11366386929859706,0.0
runtime_ms,Binaural-PF,DAS,input SNR +5 dB,8,-0.9800212500000001,0.28260008980068846,0.0
runtime_ms,Binaural-PF,DAS,input SNR -5 dB,8,-1.0083075,0.2655849519053581,0.0
runtime_ms,MVDR,DAS,input SNR +0 dB,8,-1.64713625,0.21352849946536073,0.0
runtime_ms,MVDR,DAS,input SNR +5 dB,8,-1.8648149999999997,0.32122196869365666,0.0
runtime_ms,MVDR,DAS,input SNR -5 dB,8,-1.76707125,0.3516490492131325,0.0
