metric,method,condition,n,mean,std,sem,ci95
localization_mae_deg,Binaural-PF,input SNR +0 dB,8,13.90936375,1.4200397725107914,0.5020598763484914,0.984037357643043
localization_mae_deg,Binaural-PF,input SNR +5 dB,8,10.87641375,0.9500211229973109,0.3358831891709288,0.6583310507750204
localization_mae_deg,Binaural-PF,input SNR -5 dB,8,16.49495,0.7832468987308077,0.2769195967179436,0.5427624095671694
localization_mae_deg,DAS,input SNR +0 dB,8,16.39049,0.9946320362396768,0.35165552880522966,0.6892448364582501
localization_mae_deg,DAS,input SNR +5 dB,8,13.7505275,1.074681095697696,0.3799571451904149,0.7447160045732132
localization_mae_deg,DAS,input SNR -5 dB,8,19.47868125,0.7243636158812093,0.2561012124172053,0.5019583763377223
localization_mae_deg,MVDR,input SNR +0 dB,8,12.0504125,1.2091186128126554,0.4274879851893501,0.8378764509711262
localization_mae_deg,MVDR,input SNR +5 dB,8,8.53035,1.038246745349376,0.36707565709070317,0.7194682878977782
localization_mae_deg,MVDR,input SNR -5 dB,8,14.329505,0.9487672065972166,0.33543986277615495,0.6574621310412637
output_snr_db,Binaural-PF,input SNR +0 dB,8,8.81309125,0.3298387554737917,0.11661561034682479,0.22856659627977657
output_snr_db,Binaural-PF,input SNR +5 dB,8,13.975255,0.6403936104571044,0.22641333229137742,0.4437701312910997
output_snr_db,Binaural-PF,input SNR -5 dB,8,4.063675,0.7693088483456154,0.27199175174599893,0.533103833422158
output_snr_db,DAS,input SNR +0 dB,8,6.79303125,0.5273826872784804,0.1864579372274989,0.3654575569658978
output_snr_db,DAS,input SNR +5 dB,8,11.22793,0.5586329219749636,0.1975065636612761,0.3871128647761012
output_snr_db,DAS,input SNR -5 dB,8,1.31948625,0.7592978333008447,0.26845232343364,0.5261665539299344
output_snr_db,MVDR,input SNR +0 dB,8,10.4073625,0.4337383641831629,0.1533496692873374,0.3005653518031813
output_snr_db,MVDR,input SNR +5 dB,8,15.4599925,0.46327799398108993,0.1637935055592646,0.32103527089615863
output_snr_db,MVDR,input SNR -5 dB,8,5.49582625,0.40861077196966183,0.14446572386280895,0.28315281877110554
runtime_ms,Binaural-PF,input SNR +0 dB,8,4.12615125,0.13065378529725064,0.04619308878568858,0.09053845401994962
runtime_ms,Binaural-PF,input SNR +5 dB,8,4.123882500000001,0.17431843814861211,0.06163087485036569,0.12079651470671675
runtime_ms,Binaural-PF,input SNR -5 dB,8,4.115855,0.17514366772126583,0.06192263756379525,0.12136836962503869
runtime_ms,DAS,input SNR +0 dB,8,3.2387725,0.17317608765564121,0.06122699296032993,0.12000490620224666
runtime_ms,DAS,input SNR +5 dB,8,3.14386125,0.22600205570730664,0.07990379307636819,0.15661143442968165
runtime_ms,DAS,input SNR -5 dB,8,3.1075475,0.18046328314725327,0.0638034056343054,0.12505467504323856
runtime_ms,MVDR,input SNR +0 dB,8,4.88590875,0.13547924590003763,0.04789914674297818,0.09388232761623723
runtime_ms,MVDR,input SNR +5 dB,8,5.00867625,0.17154154598293184,0.060649095209877525,0.11887222661135995
runtime_ms,MVDR,input SNR -5 dB,8,4.87461875,0.20109728942106633,0.07109862851393488,0.13935331188731237
