run_id,method,metric,value,seed,condition
snr-5-seed0-das,DAS,output_snr_db,0.34695,0,input SNR -5 dB
snr-5-seed0-das,DAS,localization_mae_deg,20.49769,0,input SNR -5 dB
snr-5-seed0-das,DAS,runtime_ms,3.19888,0,input SNR -5 dB
snr-5-seed0-mvdr,MVDR,output_snr_db,5.5703,0,input SNR -5 dB
snr-5-seed0-mvdr,MVDR,localization_mae_deg,13.53133,0,input SNR -5 dB
snr-5-seed0-mvdr,MVDR,runtime_ms,4.95142,0,input SNR -5 dB
snr-5-seed0-binaural-pf,Binaural-PF,output_snr_db,4.15723,0,input SNR -5 dB
snr-5-seed0-binaural-pf,Binaural-PF,localization_mae_deg,16.69539,0,input SNR -5 dB
snr-5-seed0-binaural-pf,Binaural-PF,runtime_ms,4.41154,0,input SNR -5 dB
snr-5-seed1-das,DAS,output_snr_db,1.76851,1,input SNR -5 dB
snr-5-seed1-das,DAS,localization_mae_deg,19.75714,1,input SNR -5 dB
snr-5-seed1-das,DAS,runtime_ms,2.97395,1,input SNR -5 dB
snr-5-seed1-mvdr,MVDR,output_snr_db,4.88193,1,input SNR -5 dB
snr-5-seed1-mvdr,MVDR,localization_mae_deg,14.04112,1,input SNR -5 dB
snr-5-seed1-mvdr,MVDR,runtime_ms,5.01607,1,input SNR -5 dB
snr-5-seed1-binaural-pf,Binaural-PF,output_snr_db,3.32493,1,input SNR -5 dB
snr-5-seed1-binaural-pf,Binaural-PF,localization_mae_deg,16.3862,1,input SNR -5 dB
snr-5-seed1-binaural-pf,Binaural-PF,runtime_ms,4.28019,1,input SNR -5 dB
snr-5-seed2-das,DAS,output_snr_db,1.2412,2,input SNR -5 dB
snr-5-seed2-das,DAS,localization_mae_deg,18.41778,2,input SNR -5 dB
snr-5-seed2-das,DAS,runtime_ms,3.00339,2,input SNR -5 dB
snr-5-seed2-mvdr,MVDR,output_snr_db,5.9254,2,input SNR -5 dB
snr-5-seed2-mvdr,MVDR,localization_mae_deg,16.23689,2,input SNR -5 dB
snr-5-seed2-mvdr,MVDR,runtime_ms,4.77008,2,input SNR -5 dB
snr-5-seed2-binaural-pf,Binaural-PF,output_snr_db,4.47162,2,input SNR -5 dB
snr-5-seed2-binaural-pf,Binaural-PF,localization_mae_deg,16.33957,2,input SNR -5 dB
snr-5-seed2-binaural-pf,Binaural-PF,runtime_ms,3.9949,2,input SNR -5 dB
snr-5-seed3-das,DAS,output_snr_db,1.246,3,input SNR -5 dB
snr-5-seed3-das,DAS,localization_mae_deg,18.51147,3,input SNR -5 dB
snr-5-seed3-das,DAS,runtime_ms,3.33814,3,input SNR -5 dB
snr-5-seed3-mvdr,MVDR,output_snr_db,6.13126,3,input SNR -5 dB
snr-5-seed3-mvdr,MVDR,localization_mae_deg,14.65312,3,input SNR -5 dB
snr-5-seed3-mvdr,MVDR,runtime_ms,4.62111,3,input SNR -5 dB
snr-5-seed3-binaural-pf,Binaural-PF,output_snr_db,4.05968,3,input SNR -5 dB
snr-5-seed3-binaural-pf,Binaural-PF,localization_mae_deg,16.21341,3,input SNR -5 dB
snr-5-seed3-binaural-pf,Binaural-PF,runtime_ms,4.08688,3,input SNR -5 dB
snr-5-seed4-das,DAS,output_snr_db,1.43199,4,input SNR -5 dB
snr-5-seed4-das,DAS,localization_mae_deg,19.54514,4,input SNR -5 dB
snr-5-seed4-das,DAS,runtime_ms,2.90761,4,input SNR -5 dB
snr-5-seed4-mvdr,MVDR,output_snr_db,5.06178,4,input SNR -5 dB
snr-5-seed4-mvdr,MVDR,localization_mae_deg,13.45166,4,input SNR -5 dB
snr-5-seed4-mvdr,MVDR,runtime_ms,5.01266,4,input SNR -5 dB
snr-5-seed4-binaural-pf,Binaural-PF,output_snr_db,5.34625,4,input SNR -5 dB
snr-5-seed4-binaural-pf,Binaural-PF,localization_mae_deg,15.36049,4,input SNR -5 dB
snr-5-seed4-binaural-pf,Binaural-PF,runtime_ms,4.24656,4,input SNR -5 dB
snr-5-seed5-das,DAS,output_snr_db,2.85894,5,input SNR -5 dB
snr-5-seed5-das,DAS,localization_mae_deg,19.53851,5,input SNR -5 dB
snr-5-seed5-das,DAS,runtime_ms,3.09674,5,input SNR -5 dB
snr-5-seed5-mvdr,MVDR,output_snr_db,5.48867,5,input SNR -5 dB
snr-5-seed5-mvdr,MVDR,localization_mae_deg,15.02759,5,input SNR -5 dB
snr-5-seed5-mvdr,MVDR,runtime_ms,5.14299,5,input SNR -5 dB
snr-5-seed5-binaural-pf,Binaural-PF,output_snr_db,3.65239,5,input SNR -5 dB
snr-5-seed5-binaural-pf,Binaural-PF,localization_mae_deg,15.80223,5,input SNR -5 dB
snr-5-seed5-binaural-pf,Binaural-PF,runtime_ms,4.0054,5,input SNR -5 dB
snr-5-seed6-das,DAS,output_snr_db,0.92398,6,input SNR -5 dB
snr-5-seed6-das,DAS,localization_mae_deg,20.17161,6,input SNR -5 dB
snr-5-seed6-das,DAS,runtime_ms,2.95911,6,input SNR -5 dB
snr-5-seed6-mvdr,MVDR,output_snr_db,5.50844,6,input SNR -5 dB
snr-5-seed6-mvdr,MVDR,localization_mae_deg,14.08673,6,input SNR -5 dB
snr-5-seed6-mvdr,MVDR,runtime_ms,4.90768,6,input SNR -5 dB
snr-5-seed6-binaural-pf,Binaural-PF,output_snr_db,2.90922,6,input SNR -5 dB
snr-5-seed6-binaural-pf,Binaural-PF,localization_mae_deg,17.65982,6,input SNR -5 dB
snr-5-seed6-binaural-pf,Binaural-PF,runtime_ms,3.9286,6,input SNR -5 dB
snr-5-seed7-das,DAS,output_snr_db,0.73832,7,input SNR -5 dB
snr-5-seed7-das,DAS,localization_mae_deg,19.39011,7,input SNR -5 dB
snr-5-seed7-das,DAS,runtime_ms,3.38256,7,input SNR -5 dB
snr-5-seed7-mvdr,MVDR,output_snr_db,5.39883,7,input SNR -5 dB
snr-5-seed7-mvdr,MVDR,localization_mae_deg,13.6076,7,input SNR -5 dB
snr-5-seed7-mvdr,MVDR,runtime_ms,4.57494,7,input SNR -5 dB
snr-5-seed7-binaural-pf,Binaural-PF,output_snr_db,4.58808,7,input SNR -5 dB
snr-5-seed7-binaural-pf,Binaural-PF,localization_mae_deg,17.50249,7,input SNR -5 dB
snr-5-seed7-binaural-pf,Binaural-PF,runtime_ms,3.97277,7,input SNR -5 dB
snr+0-seed0-das,DAS,output_snr_db,6.59891,0,input SNR +0 dB
snr+0-seed0-das,DAS,localization_mae_deg,17.05475,0,input SNR +0 dB
snr+0-seed0-das,DAS,runtime_ms,3.56471,0,input SNR +0 dB
snr+0-seed0-mvdr,MVDR,output_snr_db,10.13708,0,input SNR +0 dB
snr+0-seed0-mvdr,MVDR,localization_mae_deg,12.38048,0,input SNR +0 dB
snr+0-seed0-mvdr,MVDR,runtime_ms,4.97243,0,input SNR +0 dB
snr+0-seed0-binaural-pf,Binaural-PF,output_snr_db,8.2622,0,input SNR +0 dB
snr+0-seed0-binaural-pf,Binaural-PF,localization_mae_deg,13.99073,0,input SNR +0 dB
snr+0-seed0-binaural-pf,Binaural-PF,runtime_ms,4.20694,0,input SNR +0 dB
snr+0-seed1-das,DAS,output_snr_db,7.05546,1,input SNR +0 dB
snr+0-seed1-das,DAS,localization_mae_deg,14.88585,1,input SNR +0 dB
snr+0-seed1-das,DAS,runtime_ms,3.33483,1,input SNR +0 dB
snr+0-seed1-mvdr,MVDR,output_snr_db,10.92067,1,input SNR +0 dB
snr+0-seed1-mvdr,MVDR,localization_mae_deg,10.93244,1,input SNR +0 dB
snr+0-seed1-mvdr,MVDR,runtime_ms,4.95411,1,input SNR +0 dB
snr+0-seed1-binaural-pf,Binaural-PF,output_snr_db,8.74782,1,input SNR +0 dB
snr+0-seed1-binaural-pf,Binaural-PF,localization_mae_deg,15.23048,1,input SNR +0 dB
snr+0-seed1-binaural-pf,Binaural-PF,runtime_ms,4.21777,1,input SNR +0 dB
snr+0-seed2-das,DAS,output_snr_db,7.24775,2,input SNR +0 dB
snr+0-seed2-das,DAS,localization_mae_deg,16.59672,2,input SNR +0 dB
snr+0-seed2-das,DAS,runtime_ms,3.21729,2,input SNR +0 dB
snr+0-seed2-mvdr,MVDR,output_snr_db,10.56649,2,input SNR +0 dB
snr+0-seed2-mvdr,MVDR,localization_mae_deg,10.90052,2,input SNR +0 dB
snr+0-seed2-mvdr,MVDR,runtime_ms,4.76427,2,input SNR +0 dB
snr+0-seed2-binaural-pf,Binaural-PF,output_snr_db,9.05635,2,input SNR +0 dB
snr+0-seed2-binaural-pf,Binaural-PF,localization_mae_deg,15.00913,2,input SNR +0 dB
snr+0-seed2-binaural-pf,Binaural-PF,runtime_ms,4.09471,2,input SNR +0 dB
snr+0-seed3-das,DAS,output_snr_db,6.26715,3,input SNR +0 dB
snr+0-seed3-das,DAS,localization_mae_deg,17.40003,3,input SNR +0 dB
snr+0-seed3-das,DAS,runtime_ms,3.27311,3,input SNR +0 dB
snr+0-seed3-mvdr,MVDR,output_snr_db,9.95184,3,input SNR +0 dB
snr+0-seed3-mvdr,MVDR,localization_mae_deg,14.58787,3,input SNR +0 dB
snr+0-seed3-mvdr,MVDR,runtime_ms,4.90503,3,input SNR +0 dB
snr+0-seed3-binaural-pf,Binaural-PF,output_snr_db,8.59591,3,input SNR +0 dB
snr+0-seed3-binaural-pf,Binaural-PF,localization_mae_deg,14.94658,3,input SNR +0 dB
snr+0-seed3-binaural-pf,Binaural-PF,runtime_ms,4.13804,3,input SNR +0 dB
snr+0-seed4-das,DAS,output_snr_db,7.28461,4,input SNR +0 dB
snr+0-seed4-das,DAS,localization_mae_deg,15.03597,4,input SNR +0 dB
snr+0-seed4-das,DAS,runtime_ms,3.19809,4,input SNR +0 dB
snr+0-seed4-mvdr,MVDR,output_snr_db,9.75194,4,input SNR +0 dB
snr+0-seed4-mvdr,MVDR,localization_mae_deg,12.04258,4,input SNR +0 dB
snr+0-seed4-mvdr,MVDR,runtime_ms,4.75051,4,input SNR +0 dB
snr+0-seed4-binaural-pf,Binaural-PF,output_snr_db,9.18295,4,input SNR +0 dB
snr+0-seed4-binaural-pf,Binaural-PF,localization_mae_deg,12.6846,4,input SNR +0 dB
snr+0-seed4-binaural-pf,Binaural-PF,runtime_ms,4.18149,4,input SNR +0 dB
snr+0-seed5-das,DAS,output_snr_db,5.89088,5,input SNR +0 dB
snr+0-seed5-das,DAS,localization_mae_deg,16.66789,5,input SNR +0 dB
snr+0-seed5-das,DAS,runtime_ms,3.26849,5,input SNR +0 dB
snr+0-seed5-mvdr,MVDR,output_snr_db,10.51316,5,input SNR +0 dB
snr+0-seed5-mvdr,MVDR,localization_mae_deg,11.58952,5,input SNR +0 dB
snr+0-seed5-mvdr,MVDR,runtime_ms,4.84226,5,input SNR +0 dB
snr+0-seed5-binaural-pf,Binaural-PF,output_snr_db,9.13734,5,input SNR +0 dB
snr+0-seed5-binaural-pf,Binaural-PF,localization_mae_deg,11.01576,5,input SNR +0 dB
snr+0-seed5-binaural-pf,Binaural-PF,runtime_ms,4.2948,5,input SNR +0 dB
snr+0-seed6-das,DAS,output_snr_db,6.67106,6,input SNR +0 dB
snr+0-seed6-das,DAS,localization_mae_deg,17.44856,6,input SNR +0 dB
snr+0-seed6-das,DAS,runtime_ms,3.04182,6,input SNR +0 dB
snr+0-seed6-mvdr,MVDR,output_snr_db,10.45889,6,input SNR +0 dB
snr+0-seed6-mvdr,MVDR,localization_mae_deg,11.31675,6,input SNR +0 dB
snr+0-seed6-mvdr,MVDR,runtime_ms,4.75841,6,input SNR +0 dB
snr+0-seed6-binaural-pf,Binaural-PF,output_snr_db,8.53733,6,input SNR +0 dB
snr+0-seed6-binaural-pf,Binaural-PF,localization_mae_deg,14.33623,6,input SNR +0 dB
snr+0-seed6-binaural-pf,Binaural-PF,runtime_ms,3.95932,6,input SNR +0 dB
snr+0-seed7-das,DAS,output_snr_db,7.32843,7,input SNR +0 dB
snr+0-seed7-das,DAS,localization_mae_deg,16.03415,7,input SNR +0 dB
snr+0-seed7-das,DAS,runtime_ms,3.01184,7,input SNR +0 dB
snr+0-seed7-mvdr,MVDR,output_snr_db,10.95883,7,input SNR +0 dB
snr+0-seed7-mvdr,MVDR,localization_mae_deg,12.65314,7,input SNR +0 dB
snr+0-seed7-mvdr,MVDR,runtime_ms,5.14025,7,input SNR +0 dB
snr+0-seed7-binaural-pf,Binaural-PF,output_snr_db,8.98483,7,input SNR +0 dB
snr+0-seed7-binaural-pf,Binaural-PF,localization_mae_deg,14.0614,7,input SNR +0 dB
snr+0-seed7-binaural-pf,Binaural-PF,runtime_ms,3.91614,7,input SNR +0 dB
snr+5-seed0-das,DAS,output_snr_db,10.64136,0,input SNR +5 dB
snr+5-seed0-das,DAS,localization_mae_deg,14.92997,0,input SNR +5 dB
snr+5-seed0-das,DAS,runtime_ms,3.2072,0,input SNR +5 dB
snr+5-seed0-mvdr,MVDR,output_snr_db,15.44671,0,input SNR +5 dB
snr+5-seed0-mvdr,MVDR,localization_mae_deg,7.91058,0,input SNR +5 dB
snr+5-seed0-mvdr,MVDR,runtime_ms,5.04768,0,input SNR +5 dB
snr+5-seed0-binaural-pf,Binaural-PF,output_snr_db,14.78141,0,input SNR +5 dB
snr+5-seed0-binaural-pf,Binaural-PF,localization_mae_deg,11.82297,0,input SNR +5 dB
snr+5-seed0-binaural-pf,Binaural-PF,runtime_ms,4.07598,0,input SNR +5 dB
snr+5-seed1-das,DAS,output_snr_db,10.46555,1,input SNR +5 dB
snr+5-seed1-das,DAS,localization_mae_deg,13.07914,1,input SNR +5 dB
snr+5-seed1-das,DAS,runtime_ms,3.11536,1,input SNR +5 dB
snr+5-seed1-mvdr,MVDR,output_snr_db,15.8717,1,input SNR +5 dB
snr+5-seed1-mvdr,MVDR,localization_mae_deg,9.58651,1,input SNR +5 dB
snr+5-seed1-mvdr,MVDR,runtime_ms,4.97594,1,input SNR +5 dB
snr+5-seed1-binaural-pf,Binaural-PF,output_snr_db,15.00344,1,input SNR +5 dB
snr+5-seed1-binaural-pf,Binaural-PF,localization_mae_deg,11.68136,1,input SNR +5 dB
snr+5-seed1-binaural-pf,Binaural-PF,runtime_ms,4.04678,1,input SNR +5 dB
snr+5-seed2-das,DAS,output_snr_db,11.76744,2,input SNR +5 dB
snr+5-seed2-das,DAS,localization_mae_deg,13.02213,2,input SNR +5 dB
snr+5-seed2-das,DAS,runtime_ms,3.24873,2,input SNR +5 dB
snr+5-seed2-mvdr,MVDR,output_snr_db,14.67295,2,input SNR +5 dB
snr+5-seed2-mvdr,MVDR,localization_mae_deg,8.21708,2,input SNR +5 dB
snr+5-seed2-mvdr,MVDR,runtime_ms,4.91246,2,input SNR +5 dB
snr+5-seed2-binaural-pf,Binaural-PF,output_snr_db,13.72509,2,input SNR +5 dB
snr+5-seed2-binaural-pf,Binaural-PF,localization_mae_deg,9.46804,2,input SNR +5 dB
snr+5-seed2-binaural-pf,Binaural-PF,runtime_ms,4.45837,2,input SNR +5 dB
snr+5-seed3-das,DAS,output_snr_db,10.66164,3,input SNR +5 dB
snr+5-seed3-das,DAS,localization_mae_deg,13.10541,3,input SNR +5 dB
snr+5-seed3-das,DAS,runtime_ms,3.51738,3,input SNR +5 dB
snr+5-seed3-mvdr,MVDR,output_snr_db,15.77808,3,input SNR +5 dB
snr+5-seed3-mvdr,MVDR,localization_mae_deg,7.90469,3,input SNR +5 dB
snr+5-seed3-mvdr,MVDR,runtime_ms,5.13424,3,input SNR +5 dB
snr+5-seed3-binaural-pf,Binaural-PF,output_snr_db,13.77578,3,input SNR +5 dB
snr+5-seed3-binaural-pf,Binaural-PF,localization_mae_deg,10.15817,3,input SNR +5 dB
snr+5-seed3-binaural-pf,Binaural-PF,runtime_ms,4.14843,3,input SNR +5 dB
snr+5-seed4-das,DAS,output_snr_db,11.79816,4,input SNR +5 dB
snr+5-seed4-das,DAS,localization_mae_deg,12.26644,4,input SNR +5 dB
snr+5-seed4-das,DAS,runtime_ms,3.0518,4,input SNR +5 dB
snr+5-seed4-mvdr,MVDR,output_snr_db,15.73705,4,input SNR +5 dB
snr+5-seed4-mvdr,MVDR,localization_mae_deg,7.88207,4,input SNR +5 dB
snr+5-seed4-mvdr,MVDR,runtime_ms,5.0854,4,input SNR +5 dB
snr+5-seed4-binaural-pf,Binaural-PF,output_snr_db,13.25025,4,input SNR +5 dB
snr+5-seed4-binaural-pf,Binaural-PF,localization_mae_deg,10.85912,4,input SNR +5 dB
snr+5-seed4-binaural-pf,Binaural-PF,runtime_ms,4.18659,4,input SNR +5 dB
snr+5-seed5-das,DAS,output_snr_db,11.70638,5,input SNR +5 dB
snr+5-seed5-das,DAS,localization_mae_deg,15.31103,5,input SNR +5 dB
snr+5-seed5-das,DAS,runtime_ms,2.75711,5,input SNR +5 dB
snr+5-seed5-mvdr,MVDR,output_snr_db,15.80809,5,input SNR +5 dB
snr+5-seed5-mvdr,MVDR,localization_mae_deg,9.19262,5,input SNR +5 dB
snr+5-seed5-mvdr,MVDR,runtime_ms,5.30566,5,input SNR +5 dB
snr+5-seed5-binaural-pf,Binaural-PF,output_snr_db,13.67312,5,input SNR +5 dB
snr+5-seed5-binaural-pf,Binaural-PF,localization_mae_deg,10.75903,5,input SNR +5 dB
snr+5-seed5-binaural-pf,Binaural-PF,runtime_ms,4.22278,5,input SNR +5 dB
snr+5-seed6-das,DAS,output_snr_db,11.25022,6,input SNR +5 dB
snr+5-seed6-das,DAS,localization_mae_deg,14.56159,6,input SNR +5 dB
snr+5-seed6-das,DAS,runtime_ms,3.27423,6,input SNR +5 dB
snr+5-seed6-mvdr,MVDR,output_snr_db,14.82188,6,input SNR +5 dB
snr+5-seed6-mvdr,MVDR,localization_mae_deg,7.26163,6,input SNR +5 dB
snr+5-seed6-mvdr,MVDR,runtime_ms,4.78804,6,input SNR +5 dB
snr+5-seed6-binaural-pf,Binaural-PF,output_snr_db,13.36032,6,input SNR +5 dB
snr+5-seed6-binaural-pf,Binaural-PF,localization_mae_deg,10.09921,6,input SNR +5 dB
snr+5-seed6-binaural-pf,Binaural-PF,runtime_ms,3.92406,6,input SNR +5 dB
snr+5-seed7-das,DAS,output_snr_db,11.53269,7,input SNR +5 dB
snr+5-seed7-das,DAS,localization_mae_deg,13.72851,7,input SNR +5 dB
snr+5-seed7-das,DAS,runtime_ms,2.97908,7,input SNR +5 dB
snr+5-seed7-mvdr,MVDR,output_snr_db,15.54348,7,input SNR +5 dB
snr+5-seed7-mvdr,MVDR,localization_mae_deg,10.28762,7,input SNR +5 dB
snr+5-seed7-mvdr,MVDR,runtime_ms,4.81999,7,input SNR +5 dB
snr+5-seed7-binaural-pf,Binaural-PF,output_snr_db,14.23263,7,input SNR +5 dB
snr+5-seed7-binaural-pf,Binaural-PF,localization_mae_deg,12.16341,7,input SNR +5 dB
snr+5-seed7-binaural-pf,Binaural-PF,runtime_ms,3.92807,7,input SNR +5 dB
