metric,method,condition,n,mean,std,sem,ci95
output_snr_db,DAS,synthetic input SNR +0 dB,5,7.303366199999999,0.15265770481931154,0.06827060105301556,0.1338103780639105
output_snr_db,DAS,synthetic input SNR +5 dB,5,12.2818998,0.15250462587148053,0.06820214206636072,0.133676198450067
output_snr_db,DAS,synthetic input SNR -5 dB,5,2.3102131999999997,0.15267691142802178,0.06827919050955424,0.1338272133987263
output_snr_db,MVDR,synthetic input SNR +0 dB,5,3.706641,1.2465932314227441,0.5574934411504765,1.092687144654934
output_snr_db,MVDR,synthetic input SNR +5 dB,5,3.7891807999999996,2.1141779138866723,0.9454891063958591,1.853158648535884
output_snr_db,MVDR,synthetic input SNR -5 dB,5,1.0134976,0.3262230040575005,0.14589136257935215,0.2859470706555302
output_snr_db,Reference mic,synthetic input SNR +0 dB,5,0.2863572,0.6363040316827326,0.284563813839954,0.5577450751263098
output_snr_db,Reference mic,synthetic input SNR +5 dB,5,5.2352076,0.6485827510428409,0.29005502407312295,0.5685078471833209
output_snr_db,Reference mic,synthetic input SNR -5 dB,5,-4.6977744,0.6325539283573376,0.2828867166483077,0.5544579646306831
si-sdr_db,DAS,synthetic input SNR +0 dB,5,7.405847,0.16538177444930258,0.07396097798163567,0.1449635168440059
si-sdr_db,DAS,synthetic input SNR +5 dB,5,12.3933446,0.1662578764428919,0.07435278270421343,0.1457314541002583
si-sdr_db,DAS,synthetic input SNR -5 dB,5,2.4146191999999997,0.16328971991126684,0.07302538274969872,0.1431297501894095
si-sdr_db,MVDR,synthetic input SNR +0 dB,5,1.8493886,2.3228304260614463,1.0388013465756385,2.0360506392882516
si-sdr_db,MVDR,synthetic input SNR +5 dB,5,0.9592653999999998,3.7223552332367875,1.6646878675839083,3.26278822046446
si-sdr_db,MVDR,synthetic input SNR -5 dB,5,-0.1659356,1.0078204989289017,0.4507110289445556,0.883393616731329
si-sdr_db,Reference mic,synthetic input SNR +0 dB,5,0.5150884,0.39077328510825815,0.1747591258585943,0.3425278866828448
si-sdr_db,Reference mic,synthetic input SNR +5 dB,5,5.5113556,0.40046161177733336,0.17909187726264955,0.35102007943479313
si-sdr_db,Reference mic,synthetic input SNR -5 dB,5,-4.4818202,0.37583480688887744,0.16807843530280722,0.32943373319350217
